Płeć,Wiek,Wykształcenie,Średnie Zarobki,Czas Początkowy Podróży,Czas Końcowy Podróży,Cel Podróży
Mężczyzna,27.0,Podstawowe,6356.86,16:35,18:09,Zakupy
Kobieta,35.0,Podstawowe,13698.74,20:58,06:50,Edukacja
Kobieta,56.0,Wyższe,14837.24,30:45,22:14,Inne
Mężczyzna,44.0,Podstawowe,13588.79,09:26,11:25,Zakupy
Mężczyzna,51.0,Podstawowe,5227.75,18:20,22:53,Praca
Mężczyzna,58.0,Wyższe,8314.01,12:20,14:30,Praca
Mężczyzna,33.0,Średnie,11001.19,09:49,13:41,Zakupy
Mężczyzna,28.0,Średnie,6332.71,17:37,02:30,Zakupy
Kobieta,69.0,Podstawowe,7604.33,14:42,21:16,Rozrywka
Kobieta,35.0,Średnie,5537.72,20:47,21:08,Rozrywka
Mężczyzna,35.0,Wyższe,10887.02,08:50,17:36,Zakupy
Kobieta,54.0,Wyższe,11953.27,22:02,03:50,Edukacja
Mężczyzna,27.0,Wyższe,11453.18,10:18,14:49,Edukacja
Kobieta,29.0,Podstawowe,10039.84,07:54,16:14,Rozrywka
Kobieta,52.0,Średnie,6034.5,13:00,20:00,Praca
Kobieta,65.0,Podstawowe,3134.16,22:34,03:47,Inne
Kobieta,29.0,Wyższe,10265.73,18:53,23:14,Zakupy
Kobieta,29.0,Średnie,9835.59,12:29,17:30,Rozrywka
Mężczyzna,25.0,Podstawowe,8298.82,16:31,23:13,Edukacja
Mężczyzna,36.0,Średnie,4444.28,20:39,20:22,Zakupy
Mężczyzna,57.0,Średnie,6268.02,06:44,16:56,Edukacja
Mężczyzna,57.0,Średnie,12921.04,19:58,03:49,Zakupy
Kobieta,39.0,Wyższe,12843.2,14:57,17:30,Inne
Kobieta,39.0,Wyższe,6436.94,18:53,00:28,Inne
Kobieta,68.0,Średnie,11859.25,13:07,13:53,Rozrywka
Mężczyzna,60.0,Średnie,13690.44,09:46,18:44,Inne
Mężczyzna,51.0,Średnie,3290.23,19:32,03:56,Rozrywka
Mężczyzna,52.0,Wyższe,11118.66,16:24,02:57,Inne
Mężczyzna,48.0,Średnie,4065.89,15:08,21:30,Praca
Mężczyzna,61.0,Średnie,12398.65,06:35,08:49,Zakupy
Kobieta,37.0,Podstawowe,5874.34,05:05,12:27,Inne
Mężczyzna,19.0,Średnie,12658.69,10:18,10:50,Praca
Kobieta,61.0,Wyższe,9457.95,24:38,07:54,Rozrywka
Mężczyzna,21.0,Podstawowe,5596.3,18:52,22:06,Inne
Mężczyzna,,Wyższe,7540.98,15:36,21:41,Zakupy
Kobieta,52.0,Średnie,12405.36,23:57,09:33,Edukacja
Mężczyzna,38.0,Wyższe,4313.54,16:20,23:06,Edukacja
Mężczyzna,36.0,Średnie,10156.01,22:39,04:13,Inne
Mężczyzna,34.0,Średnie,4583.88,21:21,07:45,Edukacja
,63.0,,,,19:24,
Kobieta,24.0,Podstawowe,12940.44,08:15,19:47,Praca
Kobieta,45.0,Wyższe,5050.31,06:50,16:52,Praca
Mężczyzna,20.0,Wyższe,14833.4,14:35,16:10,Rozrywka
Kobieta,55.0,Średnie,14157.16,17:33,19:16,Rozrywka
Kobieta,38.0,Podstawowe,13258.65,22:04,02:42,Rozrywka
Mężczyzna,56.0,Średnie,,05:08,14:20,Inne
,28.0,,,12:54,,
Kobieta,49.0,Średnie,11354.79,,07:41,Edukacja
Mężczyzna,66.0,Średnie,7647.56,11:39,21:40,Rozrywka
Kobieta,,,,,20:29,
Kobieta,58.0,Średnie,3781.31,09:30,18:24,Zakupy
Mężczyzna,53.0,Podstawowe,8506.94,20:21,02:33,Praca
Kobieta,26.0,Podstawowe,8788.3,07:47,10:07,Edukacja
Kobieta,54.0,Podstawowe,8808.12,09:22,15:49,Edukacja
Kobieta,59.0,Wyższe,10057.83,17:51,02:05,Edukacja
Mężczyzna,34.0,Podstawowe,8468.46,06:08,15:38,Rozrywka
Kobieta,58.0,Podstawowe,7629.54,13:34,21:37,Praca
Kobieta,28.0,Podstawowe,8234.94,05:40,16:11,Inne
Mężczyzna,53.0,Wyższe,13512.97,06:34,10:01,Edukacja
Kobieta,47.0,Podstawowe,9142.52,16:22,01:43,Zakupy
Kobieta,41.0,Wyższe,7106.64,08:30,08:05,Inne
Kobieta,20.0,Podstawowe,12449.44,09:38,14:25,Edukacja
Kobieta,69.0,Średnie,11707.03,22:04,22:01,Zakupy
Kobieta,49.0,Wyższe,6146.39,09:53,11:00,Inne
Kobieta,68.0,Podstawowe,10542.95,06:31,16:06,Zakupy
Mężczyzna,64.0,Podstawowe,5788.44,17:06,03:24,Rozrywka
Mężczyzna,35.0,Średnie,10010.47,20:45,23:52,Praca
Kobieta,61.0,Podstawowe,3913.65,11:35,17:24,Edukacja
Mężczyzna,18.0,Wyższe,7442.62,10:59,20:03,Edukacja
Mężczyzna,48.0,Wyższe,7890.53,12:22,22:02,Inne
Mężczyzna,,Średnie,6048.42,05:43,14:15,Zakupy
Kobieta,60.0,Podstawowe,13835.56,23:06,05:31,Edukacja
Kobieta,33.0,Średnie,7177.45,15:06,01:28,Rozrywka
Mężczyzna,31.0,Wyższe,13005.07,21:07,02:01,Zakupy
Kobieta,54.0,Średnie,11523.0,17:19,19:35,Edukacja
Kobieta,45.0,Wyższe,12811.5,22:11,06:36,Rozrywka
Kobieta,39.0,Średnie,13295.64,12:06,14:57,Zakupy
Mężczyzna,28.0,Średnie,11262.52,06:46,11:41,Inne
Kobieta,43.0,Podstawowe,7169.76,16:46,22:51,Inne
Mężczyzna,70.0,Wyższe,10395.41,11:02,16:38,Edukacja
Kobieta,43.0,Średnie,10405.31,21:09,00:42,Zakupy
,,,,,18:59,Edukacja
Kobieta,33.0,Średnie,13436.91,12:51,21:14,Inne
Mężczyzna,19.0,Podstawowe,7082.11,07:12,11:53,Rozrywka
Mężczyzna,60.0,Średnie,13268.91,16:50,23:57,Inne
Kobieta,53.0,Wyższe,8802.83,21:50,21:04,Zakupy
Mężczyzna,28.0,Podstawowe,12591.34,16:49,16:32,Zakupy
Mężczyzna,25.0,Podstawowe,7113.34,23:28,02:19,Rozrywka
Kobieta,41.0,Wyższe,7477.99,08:50,21:29,Rozrywka
Mężczyzna,31.0,Średnie,6103.86,07:00,12:38,Inne
Kobieta,54.0,Podstawowe,4527.23,12:23,14:45,Zakupy
Mężczyzna,39.0,Podstawowe,8905.75,21:46,00:35,Edukacja
Kobieta,51.0,Wyższe,8894.2,22:33,22:39,Edukacja
Kobieta,69.0,Wyższe,13546.99,16:41,00:35,Rozrywka
Kobieta,23.0,Podstawowe,4865.39,23:27,00:18,Rozrywka
Kobieta,26.0,Podstawowe,7508.4,09:26,11:03,Edukacja
Mężczyzna,53.0,Średnie,4870.01,19:09,23:56,Edukacja
Kobieta,48.0,Wyższe,5133.79,09:27,14:21,Edukacja
Kobieta,32.0,Wyższe,4925.86,08:54,08:42,Praca
Kobieta,68.0,Wyższe,9687.27,13:18,23:56,Zakupy
Kobieta,55.0,Średnie,10698.54,10:54,17:38,Inne
Kobieta,31.0,Wyższe,13296.36,07:46,08:18,Rozrywka
Kobieta,60.0,Podstawowe,14068.48,19:45,19:51,Zakupy
Mężczyzna,37.0,Średnie,10219.87,11:49,19:16,Praca
Kobieta,40.0,Podstawowe,3904.04,17:18,03:22,Rozrywka
Mężczyzna,52.0,Podstawowe,7112.74,10:56,13:23,Zakupy
Kobieta,48.0,Średnie,7886.0,19:46,04:43,Praca
Kobieta,22.0,Podstawowe,12603.07,08:21,11:29,Zakupy
Kobieta,22.0,Wyższe,14871.64,15:52,16:47,Zakupy
Kobieta,54.0,Podstawowe,10190.19,06:41,10:49,Rozrywka
Kobieta,60.0,Średnie,11614.09,12:13,20:04,Edukacja
Mężczyzna,35.0,Średnie,9904.67,27:12,01:49,Edukacja
Kobieta,24.0,Średnie,11836.6,18:23,04:52,Zakupy
Kobieta,67.0,Średnie,7609.83,15:58,18:58,Zakupy
Kobieta,52.0,Wyższe,3504.2,14:36,18:18,Edukacja
Mężczyzna,41.0,Wyższe,9931.63,16:46,03:05,Zakupy
Mężczyzna,45.0,Podstawowe,10535.0,10:34,11:35,Inne
Kobieta,49.0,Podstawowe,5244.05,12:04,16:41,Praca
Kobieta,18.0,Wyższe,14242.33,14:10,00:03,Praca
Kobieta,50.0,Średnie,14010.12,11:22,16:02,Zakupy
Mężczyzna,51.0,Średnie,12848.86,14:25,23:06,Edukacja
Kobieta,59.0,Wyższe,11613.07,12:23,18:27,Rozrywka
Kobieta,46.0,Wyższe,7803.14,11:26,15:41,Edukacja
Kobieta,41.0,Podstawowe,12573.56,22:20,07:26,Rozrywka
Mężczyzna,19.0,Wyższe,10897.53,10:14,19:11,Rozrywka
Kobieta,60.0,Wyższe,3773.46,14:50,21:18,Edukacja
Kobieta,69.0,Wyższe,12292.22,19:55,20:49,Zakupy
Kobieta,57.0,Wyższe,6308.02,06:04,07:02,Inne
Mężczyzna,64.0,Wyższe,3314.68,23:17,08:30,Rozrywka
Mężczyzna,63.0,Wyższe,10426.57,22:52,06:17,Rozrywka
Mężczyzna,58.0,Podstawowe,8040.55,16:36,,Rozrywka
Mężczyzna,34.0,Podstawowe,6175.59,05:11,06:34,Edukacja
Kobieta,47.0,Średnie,13081.98,24:46,06:26,Rozrywka
Kobieta,27.0,Podstawowe,14249.97,21:08,05:43,Edukacja
Kobieta,32.0,Wyższe,5459.6,14:09,15:13,Praca
Kobieta,62.0,Średnie,14228.21,11:35,14:18,Edukacja
Kobieta,60.0,Wyższe,4912.17,12:21,12:15,Edukacja
Mężczyzna,61.0,Wyższe,3427.35,19:44,21:34,Praca
Mężczyzna,30.0,Wyższe,5508.84,18:55,04:52,Praca
Mężczyzna,64.0,Podstawowe,9696.01,19:26,03:48,Inne
Kobieta,67.0,Średnie,14538.28,05:34,09:39,Zakupy
Mężczyzna,,Podstawowe,8297.9,14:27,00:29,Zakupy
Kobieta,19.0,Średnie,4784.95,19:16,05:53,Rozrywka
Mężczyzna,21.0,Średnie,11273.63,05:59,06:24,Praca
Kobieta,33.0,Podstawowe,8893.98,18:13,21:42,Rozrywka
Kobieta,45.0,Średnie,11639.6,12:19,22:08,Inne
Mężczyzna,18.0,Średnie,4429.47,17:31,18:04,Edukacja
Mężczyzna,25.0,Wyższe,5786.36,22:30,09:21,Edukacja
Kobieta,57.0,Średnie,14969.4,18:39,04:43,Rozrywka
Kobieta,56.0,Wyższe,4728.21,09:20,14:11,Inne
Mężczyzna,69.0,Wyższe,10224.97,11:32,22:24,Praca
Mężczyzna,26.0,Średnie,12366.42,11:52,20:14,Edukacja
Mężczyzna,64.0,Średnie,8263.23,19:46,03:02,Inne
Kobieta,50.0,Wyższe,4254.76,14:58,16:02,Praca
Mężczyzna,57.0,Wyższe,10057.42,08:28,13:51,Zakupy
Kobieta,64.0,Wyższe,10056.44,15:32,22:40,Edukacja
Mężczyzna,58.0,Podstawowe,9507.11,22:00,04:47,Edukacja
Mężczyzna,34.0,Średnie,4432.45,17:25,02:20,Edukacja
Mężczyzna,47.0,Średnie,8924.58,15:22,21:01,Praca
Mężczyzna,,,,,,Zakupy
Mężczyzna,53.0,Wyższe,3047.69,15:49,02:11,Rozrywka
Kobieta,38.0,Podstawowe,9952.21,16:59,21:06,Zakupy
Kobieta,55.0,Wyższe,3867.86,21:29,23:41,Inne
Mężczyzna,64.0,Wyższe,11820.19,09:16,13:44,Edukacja
Mężczyzna,46.0,Wyższe,11598.1,13:35,13:31,Praca
Kobieta,45.0,Średnie,6690.03,18:48,22:15,Zakupy
Mężczyzna,63.0,Średnie,12883.66,18:20,19:59,Zakupy
Kobieta,52.0,Wyższe,6449.24,30:52,12:29,Rozrywka
Mężczyzna,23.0,Podstawowe,9919.32,,13:40,Rozrywka
Kobieta,66.0,Podstawowe,12115.51,09:25,17:33,Zakupy
Mężczyzna,52.0,Średnie,3379.69,06:10,07:44,Rozrywka
Kobieta,48.0,Średnie,14875.48,10:33,14:07,Rozrywka
Mężczyzna,46.0,Wyższe,13550.27,07:42,17:54,Praca
Kobieta,68.0,Średnie,10657.86,07:59,08:00,Praca
Mężczyzna,46.0,Wyższe,3360.29,21:09,04:26,Inne
,34.0,,,,,Praca
Kobieta,33.0,Średnie,12899.79,22:12,07:04,Rozrywka
Kobieta,49.0,Podstawowe,12296.83,26:28,23:09,Rozrywka
Mężczyzna,69.0,Wyższe,8346.71,07:42,14:44,Praca
Mężczyzna,22.0,Wyższe,6818.56,13:01,17:21,Rozrywka
Mężczyzna,39.0,Średnie,11226.92,15:50,20:26,Zakupy
Mężczyzna,47.0,Podstawowe,6297.61,12:03,17:37,Rozrywka
Kobieta,43.0,Podstawowe,11686.84,23:37,12:15,Edukacja
Mężczyzna,62.0,Wyższe,13192.29,21:56,07:05,Rozrywka
Kobieta,24.0,Średnie,7863.56,07:52,12:21,Zakupy
Kobieta,19.0,Podstawowe,3570.58,19:51,06:06,Zakupy
Kobieta,29.0,Podstawowe,6571.34,20:51,02:17,Edukacja
Kobieta,25.0,Średnie,3751.92,13:36,18:50,Inne
Kobieta,53.0,Podstawowe,10580.4,06:33,16:37,Praca
Kobieta,57.0,Średnie,5659.7,17:58,21:43,Edukacja
Mężczyzna,46.0,Podstawowe,9209.92,21:48,04:08,Rozrywka
Mężczyzna,42.0,,10021.38,19:08,04:10,Inne
Kobieta,65.0,Wyższe,11335.12,07:47,16:57,Rozrywka
Mężczyzna,53.0,Wyższe,11201.73,21:16,04:19,Praca
Mężczyzna,23.0,Wyższe,8232.03,16:08,03:52,Edukacja
Mężczyzna,52.0,Średnie,3532.02,23:32,06:52,Praca
Kobieta,65.0,Podstawowe,7485.1,16:02,19:10,Edukacja
Kobieta,24.0,Wyższe,3600.52,07:04,17:13,Edukacja
Mężczyzna,54.0,Wyższe,7501.21,06:11,13:46,Zakupy
Kobieta,22.0,Średnie,11397.07,07:11,14:33,Rozrywka
Mężczyzna,33.0,Średnie,9775.39,11:51,12:09,Inne
Mężczyzna,62.0,Wyższe,6786.83,15:47,15:33,Rozrywka
Mężczyzna,43.0,Wyższe,11785.19,06:55,14:07,Zakupy
Mężczyzna,65.0,Średnie,8411.33,20:57,06:58,Zakupy
Mężczyzna,55.0,Wyższe,3861.61,17:59,02:30,Praca
Kobieta,58.0,Podstawowe,12482.72,18:08,18:43,Edukacja
Mężczyzna,66.0,Wyższe,14810.74,07:50,,Edukacja
Mężczyzna,35.0,,5816.03,15:34,00:10,Inne
Kobieta,67.0,Średnie,5000.78,22:05,00:24,Praca
Kobieta,50.0,Średnie,4773.62,15:31,19:35,Edukacja
Mężczyzna,18.0,Podstawowe,13820.6,05:25,08:41,Rozrywka
Mężczyzna,28.0,Średnie,6434.55,08:05,11:58,Praca
Kobieta,59.0,Wyższe,6941.53,14:54,21:29,Rozrywka
Mężczyzna,45.0,Wyższe,6771.94,14:58,21:32,Rozrywka
Mężczyzna,41.0,Średnie,5511.38,20:03,06:48,Praca
,,Średnie,8503.53,,,
Kobieta,21.0,Podstawowe,7254.54,06:58,13:07,Zakupy
Mężczyzna,67.0,Średnie,10576.75,19:08,00:41,Inne
Kobieta,49.0,Wyższe,8834.94,11:22,13:09,Praca
Kobieta,62.0,Wyższe,6509.07,23:06,07:18,Inne
Kobieta,70.0,Podstawowe,11117.4,07:25,15:30,Zakupy
Mężczyzna,37.0,Wyższe,,11:51,20:40,Zakupy
Mężczyzna,67.0,Podstawowe,8044.58,14:27,15:37,Edukacja
Kobieta,20.0,Średnie,4450.58,10:50,13:10,Zakupy
Mężczyzna,,,,16:53,,
Kobieta,30.0,Średnie,3875.74,14:23,14:32,Inne
Mężczyzna,32.0,Wyższe,5515.41,15:53,22:20,Rozrywka
Mężczyzna,,,,,03:00,
Kobieta,25.0,Średnie,8568.78,08:44,18:05,Rozrywka
Kobieta,22.0,Wyższe,14940.37,09:48,18:43,Praca
Mężczyzna,38.0,Wyższe,14306.58,20:41,05:33,Zakupy
Mężczyzna,45.0,Wyższe,3330.05,09:44,16:25,Zakupy
Kobieta,28.0,Wyższe,6981.24,05:00,12:05,Zakupy
Mężczyzna,20.0,Podstawowe,12207.86,06:57,14:09,Rozrywka
Kobieta,20.0,Wyższe,13655.29,13:34,20:33,Praca
Kobieta,26.0,Średnie,6634.96,11:11,13:31,Inne
Kobieta,67.0,Podstawowe,9559.06,15:07,22:20,Zakupy
Kobieta,18.0,Podstawowe,9412.43,06:07,08:19,Praca
Mężczyzna,50.0,Podstawowe,5769.29,15:04,23:51,Rozrywka
Kobieta,66.0,Podstawowe,6169.64,16:50,21:15,Edukacja
Mężczyzna,49.0,Podstawowe,9882.48,13:43,13:33,Rozrywka
Kobieta,61.0,Podstawowe,5749.1,21:01,22:05,Edukacja
Mężczyzna,62.0,Podstawowe,3928.13,07:08,17:54,Rozrywka
Kobieta,61.0,Średnie,13723.23,,07:08,Zakupy
Mężczyzna,47.0,Podstawowe,13421.51,05:53,09:04,Praca
Kobieta,42.0,Podstawowe,8563.81,10:31,20:50,Inne
Mężczyzna,48.0,Wyższe,7394.13,14:48,22:22,Inne
Mężczyzna,41.0,Średnie,4097.27,05:47,12:02,Edukacja
Kobieta,52.0,Podstawowe,12503.45,21:20,00:03,Inne
Kobieta,19.0,Średnie,13227.18,13:31,18:14,Rozrywka
Kobieta,36.0,Podstawowe,4021.17,17:55,02:00,Zakupy
Mężczyzna,40.0,Podstawowe,6750.69,22:04,03:57,Rozrywka
Kobieta,31.0,Podstawowe,14958.55,20:02,07:53,Zakupy
Mężczyzna,64.0,Podstawowe,7557.58,11:31,22:04,Zakupy
Mężczyzna,42.0,Wyższe,7295.27,22:27,09:25,Zakupy
Mężczyzna,30.0,Podstawowe,10159.26,05:33,11:43,Inne
Mężczyzna,25.0,Podstawowe,3639.46,08:43,16:52,Zakupy
Mężczyzna,30.0,Podstawowe,8676.52,11:53,15:10,Edukacja
Kobieta,54.0,Podstawowe,6544.96,20:39,05:26,Edukacja
Mężczyzna,37.0,Podstawowe,11456.44,12:50,13:55,Rozrywka
Mężczyzna,22.0,Podstawowe,14779.36,11:01,20:50,Inne
Kobieta,70.0,Wyższe,14827.69,19:55,02:41,Inne
Kobieta,46.0,Wyższe,9156.91,20:15,07:37,Praca
Mężczyzna,63.0,Podstawowe,4077.2,11:23,15:58,Zakupy
Mężczyzna,67.0,Wyższe,11725.25,11:31,19:23,Edukacja
Kobieta,58.0,Wyższe,10455.46,16:06,00:29,Edukacja
Kobieta,23.0,Średnie,9741.37,18:54,20:11,Rozrywka
Kobieta,40.0,Średnie,14043.37,12:45,22:06,
Kobieta,20.0,Podstawowe,8452.5,22:17,05:47,Zakupy
Kobieta,59.0,Podstawowe,9718.38,19:05,21:29,Zakupy
Kobieta,54.0,Podstawowe,10918.19,05:53,08:01,Rozrywka
Kobieta,42.0,Podstawowe,3331.57,15:06,17:51,Praca
Kobieta,54.0,Średnie,14952.13,10:29,14:14,Zakupy
Kobieta,29.0,Podstawowe,4714.89,23:34,05:44,Inne
Mężczyzna,33.0,Wyższe,14864.83,09:14,18:35,Praca
,,Podstawowe,,,,Inne
,44.0,Wyższe,5378.79,16:05,20:51,Inne
Mężczyzna,23.0,Podstawowe,3187.36,05:12,13:57,Rozrywka
Mężczyzna,51.0,Średnie,14651.26,08:24,17:22,Edukacja
Mężczyzna,39.0,Podstawowe,6276.2,07:44,07:00,Zakupy
Mężczyzna,51.0,Wyższe,10371.21,23:49,03:46,Zakupy
Mężczyzna,26.0,Wyższe,12479.83,18:08,21:22,Inne
Mężczyzna,36.0,Średnie,3308.59,12:55,14:36,Inne
Mężczyzna,61.0,Średnie,6334.57,23:02,07:58,Zakupy
Mężczyzna,55.0,Podstawowe,13318.17,23:02,01:12,Rozrywka
Kobieta,60.0,Wyższe,14568.25,23:24,23:14,Edukacja
Kobieta,56.0,Podstawowe,13151.64,10:25,12:03,Edukacja
Kobieta,,Podstawowe,9576.47,14:03,15:47,Praca
Kobieta,49.0,Podstawowe,9376.93,12:34,14:12,Rozrywka
Kobieta,27.0,Średnie,11250.24,08:20,13:58,Inne
Mężczyzna,26.0,,4676.66,08:27,11:08,Praca
Mężczyzna,42.0,Wyższe,5849.65,,01:10,Edukacja
Mężczyzna,55.0,Wyższe,3508.16,11:25,20:20,Zakupy
Kobieta,21.0,Średnie,6210.53,22:17,22:53,Rozrywka
Mężczyzna,66.0,Podstawowe,11695.63,23:45,07:23,Zakupy
Mężczyzna,51.0,Podstawowe,14291.92,13:26,00:20,Edukacja
Mężczyzna,51.0,Wyższe,10125.38,20:45,02:41,Praca
Mężczyzna,26.0,Wyższe,10601.25,22:31,00:32,Edukacja
Mężczyzna,32.0,Średnie,8320.2,09:13,13:06,Praca
Mężczyzna,49.0,Średnie,13820.4,17:10,18:06,Praca
Mężczyzna,39.0,Średnie,13533.3,21:18,05:20,Zakupy
Kobieta,62.0,Wyższe,4378.53,16:21,05:29,Praca
Kobieta,54.0,Podstawowe,3689.14,12:22,12:03,Rozrywka
Mężczyzna,58.0,Wyższe,11119.58,11:19,21:21,Inne
Mężczyzna,41.0,Średnie,10480.05,05:41,10:14,Inne
Kobieta,69.0,Średnie,5586.18,09:34,13:16,Praca
Kobieta,46.0,Wyższe,10076.86,12:42,14:48,Praca
Mężczyzna,48.0,Podstawowe,4228.28,18:14,23:18,Praca
Mężczyzna,38.0,Wyższe,7669.63,16:38,01:59,Inne
Mężczyzna,37.0,Podstawowe,9827.95,22:11,05:34,Praca
Kobieta,68.0,Wyższe,5455.05,10:24,21:55,Edukacja
Kobieta,60.0,Wyższe,7425.62,10:29,18:21,Praca
Kobieta,57.0,Wyższe,10758.97,10:32,18:34,Inne
Kobieta,64.0,Podstawowe,7961.99,21:01,23:40,Edukacja
Kobieta,59.0,Podstawowe,12980.52,21:34,00:06,Edukacja
Kobieta,25.0,Podstawowe,10150.15,13:08,14:49,Praca
Mężczyzna,37.0,Podstawowe,12342.7,20:52,01:52,Rozrywka
Mężczyzna,61.0,Podstawowe,13059.47,13:10,17:04,Edukacja
Kobieta,68.0,Podstawowe,9869.14,,14:53,Edukacja
Mężczyzna,28.0,Średnie,12977.76,15:23,23:57,Inne
Kobieta,58.0,Średnie,13312.52,18:46,00:01,Zakupy
Kobieta,49.0,Średnie,9180.26,13:47,21:19,Rozrywka
Kobieta,69.0,Podstawowe,13008.75,18:35,18:11,Edukacja
Kobieta,61.0,Podstawowe,13028.22,18:55,00:02,Zakupy
Kobieta,60.0,Podstawowe,11799.96,09:53,18:40,Edukacja
Kobieta,19.0,Wyższe,12665.14,18:32,20:13,Praca
Mężczyzna,67.0,Średnie,5413.62,05:45,15:43,Edukacja
Mężczyzna,20.0,Wyższe,6899.51,06:09,14:41,Edukacja
Mężczyzna,22.0,,11606.15,16:17,01:52,Rozrywka
Mężczyzna,30.0,Wyższe,8061.8,22:29,08:37,Inne
Kobieta,20.0,Średnie,4660.69,22:38,07:29,Zakupy
Kobieta,23.0,Wyższe,5052.49,07:09,14:11,Edukacja
Mężczyzna,67.0,Wyższe,12836.94,11:42,11:37,Rozrywka
Mężczyzna,30.0,Średnie,10897.98,22:20,02:02,Edukacja
Kobieta,33.0,Podstawowe,13962.61,23:11,04:07,Inne
Kobieta,70.0,Wyższe,3684.82,19:42,19:29,Inne
Kobieta,21.0,Średnie,4597.0,17:41,21:20,Inne
,61.0,Podstawowe,7959.42,12:41,,Inne
Kobieta,44.0,Podstawowe,5619.92,23:20,10:45,Rozrywka
Kobieta,24.0,Podstawowe,13782.01,08:52,18:03,Praca
Kobieta,43.0,Wyższe,5478.7,11:37,16:28,Praca
Kobieta,61.0,Wyższe,8635.67,16:55,17:51,Zakupy
Mężczyzna,36.0,Średnie,14902.62,11:37,20:38,Inne
Kobieta,31.0,Podstawowe,9354.08,19:31,04:39,Praca
Mężczyzna,62.0,Średnie,13605.85,17:58,19:50,Zakupy
Kobieta,56.0,Wyższe,4049.01,09:15,17:23,Edukacja
Kobieta,30.0,Wyższe,6434.0,18:27,04:03,Rozrywka
Kobieta,26.0,Wyższe,13807.85,12:55,14:04,Zakupy
Kobieta,44.0,Średnie,10559.34,10:58,20:19,
,34.0,Wyższe,3710.88,10:36,18:52,Praca
Kobieta,21.0,Podstawowe,8673.97,09:01,14:41,Inne
Kobieta,69.0,Wyższe,13167.64,17:54,22:26,Edukacja
Kobieta,27.0,Wyższe,3250.49,08:25,15:46,Inne
Kobieta,39.0,Wyższe,3369.78,19:07,22:55,Zakupy
Kobieta,47.0,Średnie,10469.64,15:26,00:02,Edukacja
Kobieta,62.0,Średnie,8870.87,21:53,22:30,Rozrywka
Kobieta,50.0,Średnie,9615.68,21:03,05:17,Rozrywka
Kobieta,53.0,Średnie,9410.05,05:23,08:29,Praca
Kobieta,58.0,Średnie,14436.1,23:26,03:53,Edukacja
Kobieta,69.0,Podstawowe,8061.62,17:32,03:32,Zakupy
Mężczyzna,44.0,Podstawowe,4603.0,15:42,16:22,Rozrywka
Kobieta,53.0,Podstawowe,13180.2,18:32,18:05,Rozrywka
Mężczyzna,64.0,Podstawowe,9806.16,11:15,12:15,Rozrywka
Mężczyzna,,Średnie,5884.5,05:05,10:04,Inne
Mężczyzna,59.0,Podstawowe,14380.02,08:17,09:24,Rozrywka
Mężczyzna,33.0,Podstawowe,13118.21,13:44,13:16,Praca
Kobieta,24.0,Wyższe,7905.22,11:00,15:58,Praca
Kobieta,25.0,Średnie,13246.33,20:56,05:28,Inne
Kobieta,61.0,Wyższe,13862.03,10:05,12:29,Zakupy
Kobieta,65.0,Wyższe,10135.05,10:29,12:23,Inne
Kobieta,60.0,Średnie,9400.63,16:20,22:12,Edukacja
Mężczyzna,24.0,Wyższe,11665.28,06:37,14:20,Edukacja
Kobieta,44.0,Podstawowe,10711.18,15:05,01:10,Rozrywka
Kobieta,40.0,Podstawowe,11173.84,12:07,17:54,Rozrywka
Kobieta,56.0,Wyższe,14309.49,11:23,15:50,Edukacja
Mężczyzna,58.0,Średnie,4925.95,10:32,14:04,Praca
Mężczyzna,21.0,Średnie,8495.07,21:18,21:13,Inne
Mężczyzna,56.0,Wyższe,9784.89,10:16,17:12,Inne
Mężczyzna,32.0,Średnie,7913.8,21:14,00:58,Zakupy
Mężczyzna,37.0,Podstawowe,7622.61,05:49,12:54,Praca
Kobieta,54.0,Podstawowe,14544.78,19:58,04:30,Zakupy
,45.0,Wyższe,13437.19,06:05,,Zakupy
Kobieta,40.0,Podstawowe,14027.33,05:59,05:39,Zakupy
Kobieta,69.0,Podstawowe,8935.32,18:42,02:35,Edukacja
Mężczyzna,20.0,Średnie,9028.15,19:34,02:07,Inne
Mężczyzna,63.0,Średnie,13410.41,21:07,05:43,Praca
Kobieta,28.0,Podstawowe,13393.55,17:13,20:37,Zakupy
Kobieta,47.0,Podstawowe,7155.16,22:56,01:49,Zakupy
Mężczyzna,41.0,Wyższe,12102.62,07:10,15:17,Edukacja
Mężczyzna,45.0,Wyższe,3673.83,14:17,15:44,Praca
Mężczyzna,36.0,Podstawowe,14298.99,11:00,19:32,Praca
Mężczyzna,62.0,Wyższe,4943.73,23:30,08:00,Inne
Mężczyzna,,Podstawowe,10279.48,19:15,06:25,Praca
,27.0,Średnie,10064.43,14:19,14:10,Rozrywka
Kobieta,35.0,Wyższe,3019.56,20:09,06:18,Edukacja
Kobieta,22.0,Średnie,14059.59,13:04,19:22,Praca
Kobieta,59.0,Podstawowe,4558.79,07:27,16:01,Rozrywka
Kobieta,32.0,Średnie,8796.7,18:13,04:02,Praca
Mężczyzna,56.0,Podstawowe,9623.57,23:31,05:51,Rozrywka
Mężczyzna,63.0,Podstawowe,4559.14,17:45,22:27,Edukacja
Kobieta,70.0,Średnie,8326.14,20:12,03:49,Zakupy
Kobieta,39.0,Średnie,13838.57,09:06,09:57,Rozrywka
Kobieta,70.0,Podstawowe,9111.29,16:17,20:47,Rozrywka
Kobieta,60.0,Wyższe,6346.65,07:24,14:24,Praca
Kobieta,61.0,Wyższe,7667.71,07:37,15:12,Praca
Mężczyzna,66.0,Podstawowe,9694.43,10:23,15:58,Inne
Kobieta,38.0,Wyższe,8751.96,22:06,22:33,Edukacja
Kobieta,66.0,Średnie,9052.33,08:23,19:34,Rozrywka
Kobieta,21.0,Wyższe,13840.14,13:25,13:32,Rozrywka
Kobieta,21.0,Średnie,5246.89,20:25,01:57,Zakupy
Kobieta,32.0,Średnie,13281.17,19:13,00:45,Praca
Kobieta,64.0,Wyższe,7055.2,09:51,12:08,Rozrywka
Mężczyzna,36.0,Podstawowe,8893.91,22:58,00:19,Inne
Kobieta,64.0,Wyższe,14244.38,08:15,18:11,Inne
Mężczyzna,66.0,Podstawowe,4027.49,15:02,20:02,Inne
Mężczyzna,47.0,Wyższe,9947.25,11:12,12:10,Zakupy
Kobieta,53.0,Podstawowe,11681.59,05:00,11:45,Inne
Mężczyzna,28.0,Podstawowe,6921.07,17:43,04:09,Praca
Mężczyzna,40.0,Wyższe,12676.41,18:10,23:39,Rozrywka
Mężczyzna,63.0,Podstawowe,5801.43,08:47,17:34,Edukacja
Mężczyzna,51.0,Wyższe,3108.68,19:04,01:27,Rozrywka
Mężczyzna,63.0,Podstawowe,14492.56,12:52,22:13,Zakupy
Mężczyzna,32.0,Średnie,5555.63,14:22,19:54,Edukacja
Mężczyzna,19.0,Podstawowe,14773.57,20:47,22:02,Praca
Kobieta,27.0,Średnie,8152.41,18:05,18:38,Zakupy
Mężczyzna,40.0,Średnie,4465.86,22:08,08:30,Zakupy
Mężczyzna,32.0,Średnie,8937.48,09:36,19:05,Zakupy
Kobieta,22.0,Podstawowe,8735.26,06:05,10:32,Rozrywka
Kobieta,58.0,Wyższe,10820.86,05:24,05:44,Rozrywka
Mężczyzna,52.0,Podstawowe,13075.09,08:45,12:33,Inne
Mężczyzna,35.0,Średnie,5051.13,17:29,00:11,Inne
Mężczyzna,53.0,Podstawowe,10720.04,22:29,06:34,Rozrywka
Mężczyzna,60.0,Średnie,13929.43,09:10,10:18,Rozrywka
Mężczyzna,66.0,Wyższe,5625.31,05:31,05:17,Praca
Kobieta,42.0,Wyższe,4866.0,12:29,19:50,Inne
Mężczyzna,55.0,Wyższe,11044.62,07:11,10:58,Edukacja
Kobieta,44.0,Średnie,11619.65,21:01,04:35,Inne
Mężczyzna,,Średnie,7937.16,22:04,23:05,Zakupy
Kobieta,30.0,Podstawowe,13147.92,30:03,10:01,Zakupy
Kobieta,40.0,Średnie,6530.61,23:52,23:21,Zakupy
Kobieta,49.0,Podstawowe,13080.15,17:48,03:12,Praca
Mężczyzna,31.0,Średnie,14496.61,14:04,22:55,Edukacja
Kobieta,69.0,Wyższe,10181.64,18:35,05:27,Edukacja
Kobieta,26.0,Średnie,5867.26,22:54,23:48,Praca
Mężczyzna,26.0,Średnie,11739.59,05:42,16:07,Zakupy
Mężczyzna,69.0,Podstawowe,4737.62,22:21,05:07,Inne
Mężczyzna,20.0,Wyższe,8742.77,08:54,14:48,Edukacja
Mężczyzna,55.0,Podstawowe,10599.28,05:45,14:52,Zakupy
Kobieta,35.0,Średnie,14743.32,05:06,15:26,Praca
Mężczyzna,50.0,Średnie,13430.38,18:20,01:29,Rozrywka
Kobieta,45.0,Średnie,13400.69,18:20,18:44,Praca
Mężczyzna,60.0,Podstawowe,8691.63,14:03,14:59,Edukacja
Kobieta,65.0,Średnie,6236.63,13:15,17:00,Inne
Kobieta,30.0,Średnie,7354.53,06:35,19:29,Inne
Kobieta,44.0,Średnie,11734.04,09:07,20:12,Zakupy
Kobieta,35.0,Podstawowe,8462.7,18:30,21:03,Praca
Mężczyzna,26.0,Wyższe,5280.81,13:06,22:18,Inne
Kobieta,52.0,Wyższe,5051.56,05:15,11:11,Zakupy
Kobieta,37.0,Podstawowe,4216.13,16:35,22:26,Inne
Kobieta,44.0,Podstawowe,14310.48,19:18,19:49,Rozrywka
Mężczyzna,28.0,Średnie,9288.94,20:26,01:10,Inne
Mężczyzna,60.0,Średnie,6887.28,14:27,16:16,Edukacja
Mężczyzna,44.0,Wyższe,12139.17,08:01,13:26,Edukacja
Mężczyzna,59.0,Wyższe,11805.77,15:30,20:28,Inne
Mężczyzna,56.0,Podstawowe,12420.88,11:19,12:42,Praca
Mężczyzna,65.0,Średnie,11909.99,18:00,04:08,Zakupy
Kobieta,61.0,Podstawowe,13377.44,16:10,18:14,Edukacja
Kobieta,53.0,Średnie,14702.08,11:08,13:59,Praca
Mężczyzna,55.0,Podstawowe,10154.04,12:53,19:59,Zakupy
Kobieta,20.0,Wyższe,13277.46,16:21,21:56,Zakupy
Kobieta,22.0,Wyższe,13974.0,11:56,18:31,Inne
Kobieta,24.0,Podstawowe,14926.42,11:19,17:54,Rozrywka
Kobieta,21.0,Wyższe,6872.01,14:13,00:11,Praca
Mężczyzna,18.0,Średnie,14414.41,12:40,13:08,Inne
Mężczyzna,39.0,Podstawowe,5254.18,13:51,22:42,Rozrywka
Kobieta,43.0,Podstawowe,7295.74,11:14,17:19,Praca
Kobieta,18.0,Wyższe,7118.37,10:23,14:43,Zakupy
Kobieta,49.0,Wyższe,11207.38,12:35,12:27,Praca
Kobieta,35.0,Podstawowe,11105.12,15:40,01:43,Rozrywka
Mężczyzna,64.0,Wyższe,3616.5,20:30,07:34,Edukacja
Mężczyzna,50.0,Wyższe,11172.86,11:47,14:16,Zakupy
Kobieta,54.0,Średnie,4769.96,10:13,12:04,Zakupy
Mężczyzna,47.0,Podstawowe,12882.8,11:34,18:47,Zakupy
Kobieta,60.0,Wyższe,7654.14,15:20,16:29,Zakupy
Mężczyzna,30.0,Średnie,12852.7,12:19,15:17,Rozrywka
Mężczyzna,63.0,Wyższe,9497.35,16:49,17:45,Praca
Mężczyzna,18.0,Średnie,13430.3,18:16,05:47,Rozrywka
Mężczyzna,27.0,Wyższe,4831.14,06:50,12:54,Rozrywka
Kobieta,27.0,Średnie,11342.43,23:08,10:52,Inne
Kobieta,50.0,Średnie,7841.14,14:18,19:01,Rozrywka
Kobieta,28.0,Wyższe,7993.43,18:29,18:16,Edukacja
Mężczyzna,38.0,Wyższe,9150.86,12:34,19:02,Rozrywka
Kobieta,30.0,Podstawowe,13646.6,,13:59,Zakupy
Mężczyzna,70.0,Podstawowe,3301.26,17:40,04:58,Zakupy
Mężczyzna,27.0,Wyższe,6484.11,18:33,23:39,Praca
Kobieta,37.0,Wyższe,11773.67,16:50,03:38,Zakupy
Kobieta,22.0,Wyższe,13046.64,06:49,16:43,Zakupy
Mężczyzna,70.0,Średnie,4410.61,08:19,08:33,Edukacja
Mężczyzna,23.0,Podstawowe,8014.9,12:59,15:58,Edukacja
Kobieta,21.0,Średnie,7887.81,14:41,18:11,Edukacja
,60.0,Średnie,,,,
Kobieta,49.0,Średnie,11508.77,12:25,23:24,Inne
Kobieta,,Średnie,12887.23,10:54,20:13,Inne
Mężczyzna,68.0,Wyższe,12598.24,10:14,23:13,Inne
Mężczyzna,44.0,Wyższe,10210.75,12:45,21:44,Rozrywka
Mężczyzna,32.0,Wyższe,11961.69,05:40,07:07,Zakupy
Kobieta,68.0,Średnie,8905.67,16:49,17:12,Rozrywka
Mężczyzna,52.0,Średnie,8088.19,23:32,07:48,Rozrywka
Mężczyzna,49.0,Wyższe,7753.81,10:16,12:00,Rozrywka
Kobieta,37.0,Średnie,11511.29,15:38,00:44,Zakupy
,56.0,Podstawowe,3693.96,12:04,20:23,Edukacja
Kobieta,69.0,Wyższe,3485.64,18:16,18:00,Rozrywka
Kobieta,28.0,Wyższe,11493.29,20:42,02:01,Praca
Mężczyzna,25.0,Podstawowe,12937.05,05:19,16:09,Rozrywka
Mężczyzna,59.0,Wyższe,14757.08,17:00,04:42,Praca
Mężczyzna,35.0,Średnie,6982.92,08:06,18:16,Rozrywka
Mężczyzna,18.0,Średnie,14259.62,16:23,17:39,Inne
Mężczyzna,52.0,Podstawowe,5215.65,10:46,12:21,Rozrywka
Kobieta,69.0,Wyższe,4275.81,12:12,22:54,Zakupy
Mężczyzna,57.0,Wyższe,6594.76,08:18,08:51,Edukacja
Kobieta,30.0,Wyższe,7184.13,05:45,06:31,Edukacja
Mężczyzna,67.0,Średnie,12270.83,10:13,15:50,Praca
Mężczyzna,34.0,Wyższe,7859.58,,14:02,Edukacja
Mężczyzna,27.0,Podstawowe,12183.22,10:25,16:08,Edukacja
Mężczyzna,63.0,Wyższe,7308.9,22:35,06:59,Edukacja
Mężczyzna,43.0,Wyższe,8959.72,11:34,14:47,Inne
Kobieta,51.0,Wyższe,4455.47,15:43,20:21,Inne
Kobieta,18.0,Podstawowe,14284.01,22:14,06:42,Edukacja
Kobieta,49.0,Średnie,9537.65,19:09,05:20,Zakupy
Kobieta,23.0,Średnie,13800.3,18:44,19:54,Inne
Mężczyzna,60.0,Średnie,10975.02,13:14,21:54,Rozrywka
Kobieta,70.0,Wyższe,3233.75,11:19,19:18,Zakupy
Mężczyzna,46.0,Wyższe,8939.58,22:08,07:40,Edukacja
Kobieta,68.0,Średnie,14524.4,14:34,21:50,Edukacja
Mężczyzna,44.0,Średnie,11378.31,20:05,22:57,Inne
Kobieta,56.0,Średnie,13566.81,14:32,19:15,Inne
Kobieta,45.0,Podstawowe,10563.62,08:57,16:59,Praca
Kobieta,39.0,Średnie,3097.82,21:12,01:32,Rozrywka
Mężczyzna,35.0,Średnie,10119.19,21:09,01:54,Edukacja
Kobieta,33.0,Średnie,8437.1,11:41,12:20,Inne
Mężczyzna,58.0,Wyższe,7990.74,13:27,15:24,Zakupy
Mężczyzna,64.0,Średnie,8222.45,22:12,02:29,Praca
Mężczyzna,44.0,Podstawowe,14937.09,21:16,00:21,Praca
Mężczyzna,65.0,Wyższe,14516.95,11:30,15:35,Rozrywka
Mężczyzna,26.0,Wyższe,8984.96,14:39,22:08,Rozrywka
Mężczyzna,62.0,Wyższe,9977.25,30:31,09:07,Praca
Mężczyzna,56.0,Średnie,3936.96,18:35,22:25,Praca
Kobieta,21.0,Średnie,13988.86,14:11,16:50,Inne
Kobieta,64.0,Podstawowe,13347.31,12:17,15:56,Rozrywka
Kobieta,32.0,Średnie,14441.43,21:40,21:19,Rozrywka
Kobieta,,Średnie,14618.81,08:54,14:16,Edukacja
Kobieta,57.0,Średnie,9252.82,20:02,00:18,Edukacja
Kobieta,23.0,Podstawowe,,20:51,00:40,Praca
Kobieta,62.0,Średnie,12200.87,15:12,17:31,Inne
Kobieta,23.0,,12863.28,07:12,12:00,Praca
Kobieta,62.0,Podstawowe,12872.62,16:04,01:24,Inne
Mężczyzna,21.0,Podstawowe,3689.15,05:12,09:50,Inne
Mężczyzna,33.0,Podstawowe,14953.64,15:36,22:49,Inne
Mężczyzna,37.0,Podstawowe,13299.49,21:37,01:46,Rozrywka
Mężczyzna,38.0,Wyższe,3918.37,07:49,09:18,Rozrywka
Kobieta,33.0,Podstawowe,11836.83,09:23,19:50,Praca
Mężczyzna,20.0,Średnie,10157.96,11:29,16:29,Inne
Kobieta,58.0,Średnie,9978.05,20:57,05:41,Rozrywka
Mężczyzna,70.0,Średnie,4623.22,18:23,04:22,Inne
Kobieta,47.0,Średnie,7995.23,23:07,02:16,Rozrywka
Mężczyzna,54.0,Średnie,3940.94,15:27,01:45,Inne
Mężczyzna,54.0,Wyższe,4080.61,05:11,11:55,Praca
Mężczyzna,38.0,Podstawowe,5080.96,20:33,05:20,Zakupy
Mężczyzna,47.0,Wyższe,6661.06,12:42,22:39,Inne
Kobieta,39.0,Podstawowe,14522.53,06:43,16:45,Edukacja
Kobieta,22.0,Podstawowe,7135.24,23:29,23:58,Rozrywka
Mężczyzna,41.0,Wyższe,9009.31,06:08,10:16,Praca
Mężczyzna,53.0,Podstawowe,11570.69,19:11,19:03,Zakupy
Mężczyzna,36.0,Wyższe,12694.27,07:56,16:09,Inne
Kobieta,29.0,Średnie,11533.54,21:49,03:39,Praca
Mężczyzna,44.0,Podstawowe,14699.74,09:06,14:04,Inne
Mężczyzna,45.0,Wyższe,9397.93,15:48,02:21,Zakupy
Kobieta,56.0,Podstawowe,13666.77,23:56,00:58,Praca
Mężczyzna,44.0,Podstawowe,14247.8,23:14,05:56,Inne
Mężczyzna,26.0,Średnie,5448.22,17:29,20:35,Rozrywka
Kobieta,67.0,Wyższe,3643.44,22:08,06:07,Inne
Mężczyzna,31.0,Wyższe,6953.88,09:13,11:53,Rozrywka
Kobieta,27.0,Średnie,12030.73,06:43,07:19,Zakupy
Kobieta,56.0,Średnie,5554.07,06:52,15:31,Inne
Mężczyzna,36.0,Wyższe,10027.67,14:20,21:40,Zakupy
Mężczyzna,55.0,Wyższe,4963.12,21:52,21:44,Edukacja
Kobieta,68.0,Wyższe,5625.99,06:22,06:17,Rozrywka
Mężczyzna,47.0,Wyższe,14221.36,07:25,10:24,Edukacja
Kobieta,29.0,Średnie,5134.32,17:55,22:45,Praca
Mężczyzna,50.0,Podstawowe,11530.82,15:10,01:43,Praca
Kobieta,50.0,Podstawowe,5409.07,05:49,,Edukacja
Kobieta,42.0,Wyższe,5694.59,05:22,14:21,Rozrywka
Mężczyzna,63.0,Średnie,13219.31,23:48,07:17,Rozrywka
Mężczyzna,54.0,Podstawowe,4438.63,06:18,11:31,Praca
Kobieta,19.0,Średnie,11308.76,16:27,03:57,Zakupy
Mężczyzna,46.0,Średnie,6480.34,17:54,23:59,Zakupy
Kobieta,46.0,Wyższe,9432.5,23:54,02:13,Rozrywka
Mężczyzna,35.0,Podstawowe,7819.19,16:37,23:12,Praca
Mężczyzna,44.0,Wyższe,4612.53,14:19,15:41,Zakupy
Mężczyzna,41.0,Średnie,5929.65,07:59,14:46,Inne
Mężczyzna,29.0,Podstawowe,12102.99,20:36,06:06,Praca
Mężczyzna,22.0,Podstawowe,12548.78,05:10,05:32,Edukacja
Mężczyzna,55.0,Średnie,9836.39,13:46,18:21,Rozrywka
Mężczyzna,62.0,Średnie,4297.55,13:24,14:31,Rozrywka
Mężczyzna,40.0,Wyższe,10795.17,18:15,04:40,Praca
Kobieta,64.0,Średnie,14360.43,09:00,12:43,Rozrywka
Kobieta,24.0,Średnie,3109.97,23:22,09:24,Rozrywka
Mężczyzna,29.0,Podstawowe,8040.31,09:01,19:19,Praca
Kobieta,59.0,Średnie,8370.16,06:49,14:36,Inne
,,,9381.86,,,Praca
Mężczyzna,65.0,Podstawowe,3678.46,09:46,13:03,Praca
Kobieta,67.0,Wyższe,12875.3,16:59,03:35,Praca
Kobieta,19.0,Średnie,6723.06,16:21,22:11,Zakupy
Mężczyzna,61.0,Podstawowe,5161.15,06:13,16:11,Inne
Mężczyzna,24.0,Podstawowe,7953.04,21:16,22:44,Zakupy
Mężczyzna,29.0,Średnie,14364.27,14:44,00:13,Praca
Kobieta,24.0,Podstawowe,3538.15,19:07,00:21,Zakupy
Mężczyzna,63.0,Średnie,13331.0,17:15,04:12,Inne
Mężczyzna,26.0,Podstawowe,12634.36,19:33,03:11,Praca
Mężczyzna,68.0,Podstawowe,5528.99,12:53,23:26,Praca
Kobieta,24.0,Średnie,8579.3,23:39,06:43,Zakupy
Mężczyzna,52.0,Wyższe,10591.91,15:50,15:49,Inne
Mężczyzna,36.0,Wyższe,12229.06,15:08,15:01,Inne
Kobieta,21.0,Średnie,5000.98,16:46,16:05,Rozrywka
Kobieta,66.0,Średnie,7932.57,17:53,02:30,Zakupy
Kobieta,42.0,Średnie,6102.49,15:33,18:46,Rozrywka
Mężczyzna,69.0,Średnie,7103.28,07:13,09:29,Edukacja
Mężczyzna,43.0,Wyższe,8865.18,18:14,21:22,Zakupy
Kobieta,70.0,Średnie,7688.45,08:52,10:30,Inne
Kobieta,24.0,Średnie,14737.15,19:33,00:20,Inne
Kobieta,42.0,Wyższe,10793.61,20:06,22:15,Zakupy
Kobieta,61.0,Podstawowe,9801.99,12:45,17:33,Praca
,53.0,Podstawowe,5848.45,17:40,21:02,Praca
Kobieta,69.0,Średnie,13254.9,06:55,13:54,Zakupy
Mężczyzna,24.0,Podstawowe,7637.56,09:55,10:23,Inne
Mężczyzna,38.0,Średnie,12791.03,17:28,20:33,Praca
,,Podstawowe,,,,Edukacja
Mężczyzna,43.0,Podstawowe,11685.54,17:03,03:24,Inne
Kobieta,33.0,Średnie,9681.17,24:13,23:41,Zakupy
Mężczyzna,60.0,Średnie,4357.34,13:30,18:38,Rozrywka
Mężczyzna,31.0,Wyższe,8606.0,07:33,16:43,Edukacja
Kobieta,28.0,Wyższe,12195.31,10:27,16:55,Edukacja
Kobieta,59.0,Podstawowe,8684.37,07:52,08:07,Inne
Mężczyzna,67.0,Podstawowe,4936.77,14:12,20:26,Praca
Kobieta,27.0,Średnie,14467.66,08:16,08:25,Edukacja
Mężczyzna,43.0,Średnie,6010.06,28:53,20:27,Praca
Kobieta,36.0,Średnie,3580.86,11:46,17:01,Praca
,,Podstawowe,,,,Praca
Mężczyzna,35.0,Wyższe,4515.62,22:38,01:46,Inne
Mężczyzna,65.0,Wyższe,4014.87,21:14,07:59,Edukacja
Mężczyzna,21.0,Wyższe,6388.26,11:30,14:33,Zakupy
Kobieta,42.0,Średnie,9830.14,17:32,20:42,Rozrywka
Mężczyzna,29.0,Średnie,9295.25,05:32,11:24,Zakupy
Kobieta,42.0,Średnie,12954.15,06:24,14:36,Rozrywka
Kobieta,63.0,Wyższe,4334.75,19:18,05:28,Edukacja
Kobieta,40.0,Podstawowe,12935.06,25:01,20:14,Rozrywka
Kobieta,50.0,Średnie,9448.59,10:08,18:08,Zakupy
Mężczyzna,48.0,Średnie,12528.46,18:06,01:19,Zakupy
Mężczyzna,25.0,Średnie,5540.83,20:03,22:15,Inne
Mężczyzna,65.0,Podstawowe,5235.68,14:35,17:09,Inne
,50.0,,,16:46,,
Kobieta,54.0,Średnie,3048.14,06:27,11:12,Zakupy
Mężczyzna,65.0,Średnie,8961.36,21:00,05:13,Edukacja
Kobieta,33.0,Podstawowe,8432.02,15:27,19:00,Rozrywka
Mężczyzna,61.0,Wyższe,6700.47,21:14,00:46,Zakupy
,67.0,Wyższe,4257.19,09:20,14:23,Zakupy
Mężczyzna,28.0,Średnie,5008.0,10:06,19:09,Edukacja
Kobieta,63.0,Wyższe,11267.2,22:17,00:44,Edukacja
Mężczyzna,61.0,Podstawowe,5156.08,18:30,21:35,Rozrywka
Mężczyzna,70.0,Wyższe,14519.85,,18:21,Inne
Mężczyzna,34.0,Średnie,10645.06,10:29,20:52,Edukacja
Kobieta,60.0,Średnie,3661.22,22:09,09:21,Zakupy
Mężczyzna,49.0,Wyższe,5443.15,23:14,07:48,Praca
Kobieta,70.0,Podstawowe,11428.87,08:56,11:55,Rozrywka
Mężczyzna,68.0,Wyższe,11130.75,10:23,14:03,Zakupy
Kobieta,70.0,Średnie,13112.7,20:04,01:15,Inne
Kobieta,48.0,Podstawowe,5698.01,16:26,21:14,Edukacja
Kobieta,65.0,Średnie,12530.8,17:24,21:59,Zakupy
Mężczyzna,44.0,Średnie,10748.85,19:56,06:16,Inne
Mężczyzna,42.0,Wyższe,11963.27,23:29,00:34,Zakupy
Kobieta,36.0,Wyższe,12684.86,22:54,22:22,Rozrywka
Mężczyzna,38.0,Średnie,8989.68,16:34,23:51,Zakupy
Mężczyzna,50.0,Podstawowe,8204.75,21:57,07:31,Zakupy
Kobieta,41.0,Średnie,14030.6,08:08,09:07,Zakupy
Kobieta,20.0,Średnie,11588.51,20:25,02:01,Inne
Kobieta,53.0,Podstawowe,3929.91,16:35,18:20,Praca
Mężczyzna,65.0,Średnie,7409.46,09:08,18:32,Rozrywka
Mężczyzna,56.0,Wyższe,3639.29,11:19,12:32,Praca
Mężczyzna,25.0,Średnie,10600.06,15:22,19:30,Inne
Kobieta,49.0,Średnie,7014.05,21:19,02:16,Rozrywka
Mężczyzna,43.0,Podstawowe,9916.69,14:15,15:34,Rozrywka
Kobieta,56.0,Podstawowe,7826.37,17:17,18:31,Rozrywka
Kobieta,23.0,Podstawowe,4084.2,16:15,01:30,Zakupy
Kobieta,55.0,Wyższe,6288.87,18:34,18:41,Rozrywka
Mężczyzna,44.0,Podstawowe,10728.23,05:58,10:09,Edukacja
Kobieta,43.0,Średnie,14986.34,07:32,11:00,Zakupy
Kobieta,28.0,Wyższe,7888.71,21:33,00:05,Inne
Kobieta,69.0,Wyższe,6754.16,16:58,00:06,Edukacja
Mężczyzna,48.0,Podstawowe,14525.15,18:40,05:58,Inne
Mężczyzna,27.0,Podstawowe,10465.7,19:28,04:40,Inne
Kobieta,47.0,Podstawowe,7513.14,19:13,23:09,
Mężczyzna,51.0,Podstawowe,9219.86,22:36,23:54,Inne
Mężczyzna,36.0,Wyższe,4481.44,16:38,02:30,Zakupy
Kobieta,46.0,Wyższe,12756.33,08:27,19:13,Inne
Mężczyzna,56.0,Wyższe,8390.61,11:32,17:43,Rozrywka
Kobieta,19.0,Wyższe,10364.55,06:27,16:21,Zakupy
Kobieta,64.0,Średnie,4047.58,22:44,22:55,Inne
Mężczyzna,22.0,Podstawowe,12002.05,14:27,01:28,Rozrywka
Mężczyzna,29.0,Podstawowe,10087.8,05:21,11:43,Edukacja
Mężczyzna,39.0,Wyższe,3025.55,21:01,01:32,Praca
Mężczyzna,59.0,Średnie,12941.83,17:45,21:41,Edukacja
Kobieta,63.0,Podstawowe,4463.67,12:25,12:21,Edukacja
Kobieta,31.0,Wyższe,12597.61,18:25,20:16,Zakupy
Mężczyzna,44.0,Wyższe,4347.76,23:04,05:23,Zakupy
Kobieta,41.0,Średnie,9887.17,13:53,15:30,Praca
Kobieta,42.0,Średnie,9796.48,11:25,17:47,Zakupy
Mężczyzna,25.0,Podstawowe,5130.14,11:39,22:28,Inne
Mężczyzna,58.0,Wyższe,14674.0,11:08,20:58,Rozrywka
Mężczyzna,59.0,Podstawowe,14753.78,19:00,22:18,Praca
Mężczyzna,24.0,Średnie,5485.53,,15:30,Zakupy
Mężczyzna,22.0,Podstawowe,14004.78,12:49,16:11,Inne
Mężczyzna,60.0,Średnie,5991.27,19:29,04:27,Zakupy
Mężczyzna,47.0,Średnie,12536.78,16:21,02:16,Inne
Mężczyzna,42.0,Podstawowe,9113.94,13:01,20:29,Zakupy
Mężczyzna,31.0,Wyższe,5085.5,09:46,14:27,Rozrywka
Kobieta,41.0,Średnie,10790.84,11:34,11:49,Inne
Kobieta,65.0,Wyższe,6274.38,09:37,13:45,Edukacja
Mężczyzna,43.0,Podstawowe,5476.55,14:41,22:26,Rozrywka
Mężczyzna,69.0,Średnie,14316.8,17:03,21:05,Zakupy
Kobieta,31.0,Wyższe,8446.14,18:29,04:34,Zakupy
Kobieta,40.0,Średnie,12129.08,13:54,13:48,Inne
Kobieta,54.0,Wyższe,5063.43,15:21,19:49,Praca
Mężczyzna,28.0,Średnie,13169.82,17:14,02:59,Edukacja
Kobieta,,Wyższe,4921.97,16:02,03:28,Praca
Kobieta,45.0,Wyższe,12984.0,14:04,18:53,Rozrywka
Kobieta,49.0,Podstawowe,8037.09,23:41,07:05,Inne
Mężczyzna,39.0,Wyższe,5590.15,14:02,14:32,Zakupy
Kobieta,61.0,Wyższe,3146.87,13:35,16:13,Zakupy
,,,,,15:33,Rozrywka
Kobieta,36.0,Wyższe,6962.71,16:19,21:16,Zakupy
Mężczyzna,52.0,Podstawowe,3479.67,09:29,11:25,Zakupy
Mężczyzna,43.0,Średnie,9752.06,17:42,23:34,Zakupy
Mężczyzna,46.0,Wyższe,13040.43,16:08,03:43,Zakupy
Mężczyzna,31.0,Średnie,10526.07,12:26,12:18,Inne
Mężczyzna,34.0,Średnie,13578.46,07:20,17:00,Inne
Kobieta,45.0,Wyższe,9246.9,11:16,19:40,Edukacja
Mężczyzna,30.0,Średnie,5012.83,18:20,00:09,Edukacja
Mężczyzna,47.0,Podstawowe,6150.71,06:45,08:51,Rozrywka
Kobieta,29.0,Średnie,10152.43,07:10,14:02,Zakupy
Kobieta,54.0,Średnie,8215.69,11:19,15:27,Praca
Mężczyzna,67.0,Podstawowe,5415.14,21:45,00:55,Edukacja
Kobieta,32.0,Wyższe,4040.53,15:56,17:50,Inne
Kobieta,38.0,Podstawowe,10185.71,18:56,18:32,Praca
Kobieta,65.0,Wyższe,10003.82,15:54,01:34,Rozrywka
Mężczyzna,54.0,Podstawowe,3930.7,21:11,00:24,Rozrywka
Mężczyzna,41.0,Średnie,10086.62,16:51,03:41,Edukacja
Mężczyzna,45.0,Wyższe,14747.85,21:06,22:41,Praca
Kobieta,48.0,Średnie,8388.76,14:46,21:22,Praca
Mężczyzna,48.0,Średnie,3159.43,10:04,19:43,Praca
Mężczyzna,49.0,Podstawowe,7635.01,07:26,09:32,Praca
Mężczyzna,64.0,Podstawowe,8326.61,23:22,01:18,Praca
Kobieta,63.0,Średnie,13614.05,09:18,20:33,Edukacja
Mężczyzna,33.0,Wyższe,13701.14,16:17,00:23,Inne
Kobieta,55.0,Podstawowe,6574.11,19:16,04:22,Inne
Kobieta,19.0,Wyższe,7059.16,19:00,22:45,Inne
Kobieta,20.0,Średnie,6295.19,09:47,13:38,Inne
Kobieta,43.0,Wyższe,6751.76,20:10,02:35,Inne
Kobieta,19.0,Średnie,13086.78,17:29,21:23,Edukacja
Mężczyzna,55.0,Podstawowe,12856.16,17:48,23:45,Edukacja
Kobieta,23.0,Wyższe,14275.06,11:38,17:00,Edukacja
Mężczyzna,70.0,Średnie,9691.09,09:27,10:54,Rozrywka
Mężczyzna,62.0,Wyższe,11273.11,23:05,01:12,Inne
Mężczyzna,24.0,Wyższe,8759.44,19:28,01:36,Edukacja
Mężczyzna,24.0,Podstawowe,7534.83,15:37,15:17,Edukacja
Kobieta,53.0,Średnie,7156.59,21:36,03:20,Inne
Mężczyzna,70.0,Średnie,11049.86,18:50,21:48,Edukacja
Kobieta,24.0,Średnie,10127.75,09:11,16:23,Praca
Mężczyzna,58.0,Średnie,4657.63,09:53,16:00,Edukacja
Mężczyzna,24.0,Podstawowe,4408.66,22:26,09:33,Inne
Kobieta,23.0,Podstawowe,4331.0,13:44,18:43,Rozrywka
Kobieta,67.0,Podstawowe,7837.66,15:09,23:35,Praca
Kobieta,35.0,Podstawowe,9496.69,17:44,00:42,Inne
Kobieta,38.0,Wyższe,13427.28,05:49,12:42,Praca
Kobieta,66.0,Średnie,8638.51,15:10,23:36,Praca
Kobieta,70.0,Średnie,13387.64,20:26,00:05,Inne
Kobieta,22.0,Średnie,14296.4,11:30,20:38,Inne
Mężczyzna,18.0,Wyższe,12083.13,22:46,06:38,Edukacja
Kobieta,63.0,Średnie,14202.88,11:50,14:41,Praca
Kobieta,65.0,Średnie,13627.28,15:45,15:22,Inne
Kobieta,25.0,Średnie,11096.62,14:22,01:45,Zakupy
Mężczyzna,54.0,Średnie,14586.12,10:11,13:59,Praca
Kobieta,66.0,Średnie,10706.45,07:05,15:28,Edukacja
Kobieta,59.0,Podstawowe,6029.64,13:14,20:13,Praca
Mężczyzna,22.0,Podstawowe,13574.8,12:35,13:02,Edukacja
Kobieta,25.0,Podstawowe,3971.98,20:41,21:43,Rozrywka
Mężczyzna,39.0,Średnie,6836.48,10:49,10:59,Inne
Mężczyzna,27.0,Średnie,8164.3,14:51,22:40,Rozrywka
Kobieta,58.0,Średnie,3273.76,11:17,15:51,Inne
Mężczyzna,31.0,Średnie,10549.28,05:43,12:39,Rozrywka
Mężczyzna,22.0,Podstawowe,12348.9,08:37,12:18,Inne
Kobieta,64.0,Podstawowe,12083.15,05:18,12:04,Praca
Kobieta,54.0,Podstawowe,9125.82,16:46,21:37,Rozrywka
Kobieta,47.0,Wyższe,6329.8,13:46,23:37,Rozrywka
Mężczyzna,25.0,Podstawowe,12898.61,14:57,15:19,Edukacja
Kobieta,63.0,Średnie,8360.71,21:10,22:17,Praca
Mężczyzna,53.0,Wyższe,3468.84,12:38,19:08,Inne
Mężczyzna,39.0,Średnie,13484.55,13:34,16:38,Zakupy
Mężczyzna,24.0,Podstawowe,14557.65,19:31,01:56,Rozrywka
Kobieta,32.0,Podstawowe,14716.9,15:05,21:33,Rozrywka
Mężczyzna,57.0,Średnie,5470.06,13:20,16:02,Edukacja
Mężczyzna,54.0,Średnie,13290.23,17:39,22:15,Inne
Mężczyzna,44.0,Średnie,13235.33,23:58,04:21,Edukacja
Mężczyzna,24.0,Podstawowe,5536.65,13:27,22:46,Inne
Mężczyzna,49.0,Podstawowe,11403.53,23:18,09:33,Praca
Mężczyzna,53.0,Średnie,5058.21,08:12,11:41,Praca
Kobieta,63.0,Podstawowe,10660.02,06:08,07:14,
Kobieta,59.0,Wyższe,11000.59,16:33,00:35,Edukacja
Kobieta,47.0,Średnie,5878.0,21:36,05:38,Edukacja
Kobieta,55.0,Podstawowe,13886.15,06:45,12:52,Zakupy
Kobieta,48.0,Podstawowe,5618.31,08:43,12:38,Inne
Kobieta,40.0,Wyższe,11888.48,22:18,23:08,Inne
Mężczyzna,57.0,Podstawowe,5248.74,11:15,20:45,Inne
,,,8085.45,,,Edukacja
Mężczyzna,35.0,Wyższe,3656.48,20:00,07:09,Zakupy
Mężczyzna,41.0,Wyższe,13253.66,18:24,04:49,Edukacja
Kobieta,44.0,Wyższe,12048.58,17:27,01:17,Praca
Kobieta,54.0,Podstawowe,11369.66,05:31,12:04,Praca
Kobieta,59.0,Podstawowe,8963.02,18:52,04:46,Zakupy
,52.0,Podstawowe,,,,
Mężczyzna,18.0,Średnie,6371.77,17:00,03:04,Edukacja
Kobieta,34.0,Podstawowe,3800.21,22:47,11:47,Rozrywka
Mężczyzna,54.0,Podstawowe,14345.92,17:41,18:16,Praca
Mężczyzna,62.0,Wyższe,9117.61,12:52,16:41,Rozrywka
Kobieta,57.0,Średnie,5553.4,06:21,07:22,Rozrywka
Mężczyzna,31.0,Podstawowe,9427.91,12:22,,Inne
Kobieta,64.0,Podstawowe,4823.7,12:59,17:20,Zakupy
Mężczyzna,51.0,Podstawowe,11520.78,21:01,06:41,Rozrywka
Mężczyzna,41.0,Średnie,4083.7,08:44,19:27,Zakupy
Kobieta,25.0,Podstawowe,8518.65,14:31,14:09,Zakupy
Mężczyzna,63.0,Wyższe,13434.59,13:17,18:07,Edukacja
Mężczyzna,34.0,Wyższe,5031.52,07:25,08:18,Edukacja
Mężczyzna,55.0,Wyższe,3818.39,20:52,23:25,Edukacja
Kobieta,63.0,Podstawowe,13107.0,12:07,01:09,Praca
Kobieta,28.0,Średnie,11048.06,21:07,05:27,Edukacja
Kobieta,58.0,Średnie,7715.6,18:21,02:10,Rozrywka
Mężczyzna,41.0,Wyższe,14559.06,15:13,22:38,Rozrywka
Kobieta,67.0,Wyższe,8883.57,23:32,01:49,Praca
Kobieta,29.0,Średnie,13372.23,06:31,10:47,Rozrywka
Mężczyzna,70.0,Średnie,11491.51,19:11,02:51,Praca
Mężczyzna,22.0,Wyższe,5394.75,12:51,21:45,Praca
Mężczyzna,44.0,Podstawowe,13986.01,12:23,12:55,Zakupy
Kobieta,21.0,Wyższe,13338.13,10:27,12:10,Praca
Mężczyzna,27.0,Podstawowe,9052.74,22:25,00:05,Rozrywka
Kobieta,32.0,Średnie,6488.06,10:41,20:38,Inne
Mężczyzna,66.0,Średnie,9644.14,21:43,07:08,Zakupy
Mężczyzna,65.0,Średnie,11809.35,23:53,09:56,Inne
Mężczyzna,50.0,Podstawowe,14426.86,23:01,07:08,Zakupy
Mężczyzna,68.0,Podstawowe,14261.52,14:36,19:16,Rozrywka
Mężczyzna,39.0,Wyższe,10302.03,20:21,05:24,Edukacja
Mężczyzna,50.0,Wyższe,7200.97,08:06,17:06,Praca
Mężczyzna,62.0,Średnie,12828.4,08:20,15:27,Rozrywka
Kobieta,51.0,Podstawowe,4671.93,09:35,16:42,Inne
Mężczyzna,47.0,Wyższe,8523.06,05:03,08:34,Inne
Mężczyzna,44.0,Średnie,6870.8,06:34,07:27,Zakupy
Mężczyzna,31.0,Wyższe,14180.95,18:05,03:18,Inne
Mężczyzna,27.0,Wyższe,5357.87,10:32,11:05,Inne
Mężczyzna,36.0,Średnie,12436.78,07:19,10:09,Inne
Mężczyzna,46.0,Wyższe,11286.1,13:57,17:23,Edukacja
Mężczyzna,42.0,Wyższe,8606.65,22:39,09:23,Inne
Kobieta,38.0,Wyższe,6019.74,12:59,18:53,Edukacja
Mężczyzna,50.0,Średnie,3992.08,23:09,08:19,Zakupy
Mężczyzna,52.0,Podstawowe,12555.36,11:47,16:17,Edukacja
Kobieta,35.0,Podstawowe,10634.38,10:20,19:47,Zakupy
Kobieta,37.0,Wyższe,13059.16,11:05,22:21,Edukacja
Mężczyzna,37.0,Podstawowe,6501.21,16:13,21:41,Inne
Mężczyzna,39.0,Podstawowe,6816.44,16:21,19:38,Zakupy
Mężczyzna,23.0,Średnie,5603.65,09:40,13:42,Inne
Kobieta,40.0,Średnie,9373.91,15:18,00:27,Zakupy
Kobieta,38.0,Wyższe,13840.3,16:26,01:36,Inne
Mężczyzna,55.0,Wyższe,5880.08,11:50,21:51,Rozrywka
Mężczyzna,35.0,Średnie,12122.04,09:18,09:24,Praca
Mężczyzna,41.0,Średnie,10327.94,22:04,04:59,Edukacja
Mężczyzna,70.0,Wyższe,10435.94,10:31,21:57,Zakupy
Mężczyzna,28.0,Wyższe,10735.54,18:06,01:51,Rozrywka
Mężczyzna,58.0,Wyższe,5370.13,13:12,00:45,Rozrywka
Mężczyzna,55.0,Średnie,6118.97,07:15,07:01,Praca
,40.0,Podstawowe,,,,
Kobieta,41.0,Wyższe,7978.19,21:44,08:11,Edukacja
Kobieta,42.0,Średnie,10399.7,20:32,23:38,Praca
Mężczyzna,67.0,Wyższe,9233.54,16:40,21:30,Praca
Mężczyzna,36.0,Średnie,14267.43,12:33,12:58,Rozrywka
Kobieta,,,3269.61,,,
Mężczyzna,53.0,Średnie,9140.07,22:27,00:29,Praca
Kobieta,63.0,Podstawowe,13584.28,14:57,17:12,Rozrywka
Mężczyzna,56.0,Wyższe,9576.12,17:06,00:10,Rozrywka
Mężczyzna,69.0,Wyższe,3018.66,16:16,03:06,Praca
Mężczyzna,40.0,Wyższe,10115.99,20:40,06:03,Edukacja
Mężczyzna,39.0,Wyższe,11049.59,19:36,23:49,Edukacja
Kobieta,32.0,Podstawowe,5285.12,23:23,23:07,Inne
Kobieta,24.0,Podstawowe,10807.89,17:45,02:37,Edukacja
Kobieta,52.0,Wyższe,4690.85,22:52,00:23,Praca
Mężczyzna,50.0,Podstawowe,12156.09,16:19,00:35,Rozrywka
Mężczyzna,50.0,Średnie,10103.84,19:59,20:23,Rozrywka
Kobieta,34.0,Podstawowe,5299.66,23:14,08:44,Rozrywka
Mężczyzna,51.0,Wyższe,3283.89,07:43,15:49,Praca
Kobieta,18.0,Podstawowe,7960.56,19:43,03:52,Inne
Kobieta,22.0,Podstawowe,12569.1,22:04,04:53,Rozrywka
Mężczyzna,20.0,Podstawowe,6654.53,17:56,19:40,Rozrywka
Kobieta,70.0,Średnie,7609.01,20:28,23:51,Zakupy
Kobieta,66.0,Podstawowe,14608.62,19:24,19:35,Edukacja
Mężczyzna,33.0,Podstawowe,4644.95,17:59,00:13,Edukacja
Kobieta,45.0,Podstawowe,12842.81,16:26,00:00,Edukacja
Mężczyzna,29.0,Podstawowe,13541.37,11:21,11:20,Zakupy
Mężczyzna,63.0,Wyższe,5749.17,08:15,17:34,Praca
Kobieta,50.0,Podstawowe,9482.61,17:30,04:37,Edukacja
Kobieta,47.0,Średnie,11008.48,08:27,15:52,Rozrywka
Kobieta,45.0,Podstawowe,3398.59,18:01,18:40,Inne
Mężczyzna,18.0,Wyższe,10847.67,21:06,03:09,Zakupy
Kobieta,65.0,Podstawowe,14144.57,14:18,16:02,Praca
Kobieta,68.0,Podstawowe,6173.83,16:13,00:06,Inne
Mężczyzna,57.0,Wyższe,8902.31,16:44,18:08,Edukacja
Mężczyzna,34.0,Wyższe,12705.53,14:34,16:26,Praca
Kobieta,31.0,Wyższe,3188.22,15:05,18:55,Praca
Mężczyzna,52.0,Wyższe,4108.13,22:28,08:18,Rozrywka
Kobieta,66.0,Średnie,8975.57,05:55,12:50,Zakupy
Mężczyzna,59.0,Podstawowe,11370.97,22:03,03:46,Zakupy
Kobieta,39.0,Średnie,13324.38,15:39,18:25,Edukacja
Kobieta,26.0,Średnie,3989.45,17:16,20:38,Rozrywka
Kobieta,69.0,Średnie,8875.17,21:10,02:19,Praca
Kobieta,22.0,Średnie,11452.25,08:41,09:46,Praca
Kobieta,31.0,Średnie,14353.33,13:53,15:56,Zakupy
Kobieta,58.0,Średnie,4528.0,18:33,22:38,Rozrywka
Kobieta,48.0,Średnie,7664.48,11:32,18:22,Rozrywka
Kobieta,28.0,Średnie,6614.77,23:13,05:31,Edukacja
Kobieta,64.0,Podstawowe,9452.48,10:22,21:09,Edukacja
Kobieta,24.0,Średnie,5503.39,05:24,06:09,Edukacja
Mężczyzna,18.0,Wyższe,9387.81,22:51,04:12,Praca
Kobieta,29.0,Podstawowe,5063.19,18:00,22:26,Inne
Mężczyzna,25.0,Średnie,7041.61,05:38,07:50,Zakupy
Mężczyzna,26.0,Wyższe,9184.93,20:14,07:16,Inne
Kobieta,61.0,Podstawowe,13845.89,,04:32,Inne
Mężczyzna,70.0,Średnie,3094.17,12:31,23:10,Zakupy
Kobieta,64.0,Wyższe,14126.67,12:48,16:58,Zakupy
Mężczyzna,61.0,Podstawowe,11573.68,18:30,22:48,Edukacja
Mężczyzna,22.0,Wyższe,8362.96,18:03,02:42,Edukacja
Kobieta,22.0,Wyższe,,18:51,22:36,Zakupy
Mężczyzna,53.0,Podstawowe,6632.66,12:14,12:53,Inne
Mężczyzna,64.0,Podstawowe,13935.99,20:25,04:53,Praca
Mężczyzna,52.0,Podstawowe,6874.08,11:25,16:49,Praca
Mężczyzna,70.0,Podstawowe,10040.64,23:01,10:48,Edukacja
Kobieta,59.0,Średnie,9860.76,13:45,20:47,Inne
Mężczyzna,48.0,Średnie,13546.58,07:59,13:28,Zakupy
Kobieta,20.0,Średnie,10416.6,15:02,23:50,Inne
Kobieta,22.0,Podstawowe,12774.39,17:11,17:52,Inne
Kobieta,62.0,Średnie,9301.17,14:55,01:52,Rozrywka
Mężczyzna,18.0,Wyższe,13407.17,05:54,09:28,Rozrywka
Mężczyzna,46.0,Podstawowe,9135.03,16:52,03:00,Zakupy
Mężczyzna,62.0,Wyższe,10471.29,20:53,22:36,Edukacja
Kobieta,58.0,Średnie,5453.09,08:16,17:58,Inne
Kobieta,53.0,Wyższe,11167.82,20:10,01:20,Edukacja
Kobieta,18.0,Wyższe,8253.19,05:46,06:15,Edukacja
Mężczyzna,21.0,Wyższe,4158.93,18:37,21:20,Inne
Kobieta,31.0,Wyższe,7136.49,09:31,09:59,Edukacja
Mężczyzna,52.0,Podstawowe,5293.3,14:07,17:31,Edukacja
Mężczyzna,51.0,Podstawowe,11244.73,20:10,04:17,Rozrywka
Mężczyzna,31.0,Podstawowe,7591.08,22:03,06:02,Inne
Kobieta,61.0,Podstawowe,4989.19,05:18,13:06,Rozrywka
Mężczyzna,55.0,Średnie,11953.02,22:11,08:48,Praca
Mężczyzna,68.0,Wyższe,4770.77,22:52,02:35,Praca
Kobieta,55.0,Podstawowe,12113.11,21:27,03:18,Praca
Mężczyzna,53.0,Podstawowe,4471.19,15:27,20:24,Inne
Kobieta,36.0,Podstawowe,4476.7,15:57,20:02,Rozrywka
Kobieta,68.0,Podstawowe,10868.94,15:11,01:39,Praca
Mężczyzna,26.0,Podstawowe,9099.8,09:55,16:19,Zakupy
Kobieta,35.0,Wyższe,5797.93,05:30,13:19,Inne
Mężczyzna,22.0,Wyższe,6094.44,26:31,01:17,Edukacja
Kobieta,39.0,Średnie,9272.65,10:17,13:24,Rozrywka
Mężczyzna,32.0,Średnie,4058.91,16:18,18:32,Edukacja
Mężczyzna,54.0,Wyższe,9874.83,09:34,19:42,Zakupy
Mężczyzna,40.0,Średnie,13705.71,21:04,07:39,Inne
Kobieta,48.0,Wyższe,10363.77,11:01,14:57,Zakupy
Mężczyzna,48.0,Średnie,14843.58,06:58,13:28,Praca
Mężczyzna,41.0,Wyższe,4154.92,08:32,16:53,Praca
Kobieta,62.0,Średnie,5481.47,10:02,11:06,Zakupy
Mężczyzna,69.0,Podstawowe,10833.43,22:53,08:00,Zakupy
Kobieta,37.0,Podstawowe,10392.33,17:00,00:02,Praca
Kobieta,40.0,Średnie,4352.85,09:27,14:06,Zakupy
Kobieta,50.0,Średnie,7291.54,06:23,12:59,Inne
Mężczyzna,,Podstawowe,3923.69,14:17,23:13,Praca
Mężczyzna,47.0,Średnie,8719.92,19:16,20:12,Rozrywka
Mężczyzna,60.0,Podstawowe,11699.06,20:21,03:37,Inne
Mężczyzna,40.0,Średnie,10050.58,21:57,02:49,Zakupy
Kobieta,52.0,Średnie,10219.02,20:49,03:44,Inne
Kobieta,33.0,Wyższe,7024.74,18:46,,Zakupy
Kobieta,33.0,Wyższe,11323.2,06:38,12:35,Edukacja
Mężczyzna,35.0,,9619.62,17:44,20:45,Rozrywka
Kobieta,39.0,Podstawowe,4676.11,22:54,08:46,Rozrywka
Mężczyzna,69.0,Średnie,11621.86,07:22,08:25,Inne
Kobieta,44.0,Wyższe,5745.04,09:20,17:35,Edukacja
Mężczyzna,69.0,Podstawowe,9766.48,13:13,20:53,Praca
